{
    "logistic_regression": {
        "accuracy": 0.6566666666666666,
        "precision": 0.4496124031007752,
        "recall": 0.6444444444444445,
        "f1": 0.5296803652968037,
        "auc": 0.7298412698412698,
        "report": {
            "0": {
                "precision": 0.8128654970760234,
                "recall": 0.6619047619047619,
                "f1-score": 0.7296587926509187,
                "support": 210
            },
            "1": {
                "precision": 0.4496124031007752,
                "recall": 0.6444444444444445,
                "f1-score": 0.5296803652968037,
                "support": 90
            },
            "accuracy": 0.6566666666666666,
            "macro avg": {
                "precision": 0.6312389500883993,
                "recall": 0.6531746031746032,
                "f1-score": 0.6296695789738612,
                "support": 300
            },
            "weighted avg": {
                "precision": 0.7038895688834489,
                "recall": 0.6566666666666666,
                "f1-score": 0.6696652644446842,
                "support": 300
            }
        },
        "confusion_matrix": [
            [
                139,
                71
            ],
            [
                32,
                58
            ]
        ]
    }
}