{
    "random_forest": {
        "accuracy": 0.75,
        "precision": 0.5728155339805825,
        "recall": 0.6555555555555556,
        "f1": 0.6113989637305699,
        "auc": 0.790952380952381,
        "report": {
            "0": {
                "precision": 0.8426395939086294,
                "recall": 0.7904761904761904,
                "f1-score": 0.8157248157248157,
                "support": 210
            },
            "1": {
                "precision": 0.5728155339805825,
                "recall": 0.6555555555555556,
                "f1-score": 0.6113989637305699,
                "support": 90
            },
            "accuracy": 0.75,
            "macro avg": {
                "precision": 0.7077275639446059,
                "recall": 0.723015873015873,
                "f1-score": 0.7135618897276927,
                "support": 300
            },
            "weighted avg": {
                "precision": 0.7616923759302153,
                "recall": 0.75,
                "f1-score": 0.754427060126542,
                "support": 300
            }
        },
        "confusion_matrix": [
            [
                166,
                44
            ],
            [
                31,
                59
            ]
        ]
    }
}