{
    "xgboost": {
        "accuracy": 0.7433333333333333,
        "precision": 0.5670103092783505,
        "recall": 0.6111111111111112,
        "f1": 0.5882352941176471,
        "auc": 0.7703703703703704,
        "report": {
            "0": {
                "precision": 0.8275862068965517,
                "recall": 0.8,
                "f1-score": 0.8135593220338982,
                "support": 210
            },
            "1": {
                "precision": 0.5670103092783505,
                "recall": 0.6111111111111112,
                "f1-score": 0.5882352941176471,
                "support": 90
            },
            "accuracy": 0.7433333333333333,
            "macro avg": {
                "precision": 0.6972982580874512,
                "recall": 0.7055555555555556,
                "f1-score": 0.7008973080757727,
                "support": 300
            },
            "weighted avg": {
                "precision": 0.7494134376110915,
                "recall": 0.7433333333333333,
                "f1-score": 0.7459621136590229,
                "support": 300
            }
        },
        "confusion_matrix": [
            [
                168,
                42
            ],
            [
                35,
                55
            ]
        ]
    }
}